City_ID,City,Country,Lat,Lng,Max Temp,Humidity,Cloudiness,Wind Speed,Current Description
0,Deputatskiy,RU,69.3,139.9,36.91,89,90,2.57,overcast clouds
1,San Policarpo,PH,12.18,125.51,80.1,84,100,7.27,overcast clouds
2,Asau,RO,46.43,26.4,68.0,56,47,3.36,light rain
3,Jamestown,US,42.1,-79.24,78.01,78,75,10.29,broken clouds
4,Airai,TL,-8.93,125.41,56.35,91,49,4.07,scattered clouds
5,Bahia Blanca,AR,-38.72,-62.27,64.44,46,50,8.03,scattered clouds
6,Bluff,NZ,-46.6,168.33,45.0,72,83,11.01,broken clouds
7,Taoudenni,ML,22.68,-3.98,101.08,8,0,9.64,clear sky
8,Seoul,KR,37.57,126.98,78.8,100,20,1.48,few clouds
9,Nesna,NO,66.2,13.02,50.0,81,75,2.24,broken clouds
10,Albany,US,42.6,-73.97,75.0,59,53,1.01,broken clouds
11,Rikitea,PF,-23.12,-134.97,68.47,67,0,4.85,clear sky
12,Waingapu,ID,-9.66,120.26,73.22,75,0,10.98,clear sky
13,Paamiut,GL,61.99,-49.67,48.79,92,100,9.73,moderate rain
14,Port Alfred,ZA,-33.59,26.89,57.67,70,0,9.28,clear sky
15,Voh,NC,-20.97,164.7,68.4,83,100,7.43,overcast clouds
16,Lebu,CL,-37.62,-73.65,46.47,93,99,19.3,overcast clouds
17,Hwange,ZW,-18.37,26.5,67.23,36,0,1.36,clear sky
18,Butaritari,KI,3.07,172.79,82.35,73,100,15.61,overcast clouds
19,Cidreira,BR,-30.18,-50.21,65.34,80,55,5.73,moderate rain
20,Ushuaia,AR,-54.8,-68.3,33.8,80,75,20.8,snow
21,Payo,ID,-3.75,103.64,71.76,83,34,1.99,scattered clouds
22,Lavrentiya,RU,65.58,-171.0,48.58,78,90,2.08,overcast clouds
23,Colac,AU,-38.33,143.58,44.01,98,5,6.38,clear sky
24,Mount Isa,AU,-20.73,139.5,64.4,31,0,8.05,clear sky
25,Vila Franca Do Campo,PT,37.72,-25.43,75.2,88,20,13.87,few clouds
26,Kodiak,US,57.79,-152.41,62.6,51,1,9.17,clear sky
27,Bengkulu,ID,-3.8,102.27,75.51,85,99,6.06,overcast clouds
28,Qaanaaq,GL,77.48,-69.36,40.17,87,100,6.02,overcast clouds
29,Dikson,RU,73.51,80.55,49.03,79,68,7.58,broken clouds
30,Saldanha,ZA,-33.01,17.94,51.8,81,49,4.7,light rain
31,Punta Arenas,CL,-53.15,-70.92,32.0,89,40,38.03,scattered clouds
32,Saint George,US,37.1,-113.58,102.0,10,1,5.82,clear sky
33,Sakakah,SA,29.97,40.21,93.2,15,0,8.05,clear sky
34,Yellowknife,CA,62.46,-114.35,53.6,76,75,5.82,light intensity shower rain
35,Hermanus,ZA,-34.42,19.23,52.0,73,37,4.0,scattered clouds
36,Port Keats,AU,-14.25,129.55,66.67,55,0,9.78,clear sky
37,Kaeo,NZ,-35.1,173.78,45.0,3,9,5.37,clear sky
38,Sembe,CG,1.65,14.58,71.78,91,99,1.81,overcast clouds
39,Chokurdakh,RU,70.63,147.92,39.0,86,100,7.0,overcast clouds
40,Pisco,PE,-13.7,-76.22,66.2,72,20,9.17,few clouds
41,Mount Gambier,AU,-37.83,140.77,44.6,93,0,9.17,clear sky
42,Ust-Ilimsk,RU,58.0,102.66,53.13,90,100,0.85,overcast clouds
43,Tasiilaq,GL,65.61,-37.64,41.0,80,100,1.12,overcast clouds
44,Flin Flon,CA,54.77,-101.86,66.2,59,40,9.17,scattered clouds
45,Kostino,RU,58.91,53.27,58.1,97,100,5.08,light rain
46,Arraial Do Cabo,BR,-22.97,-42.03,75.2,83,0,16.11,clear sky
47,Hobart,AU,-42.88,147.33,53.6,58,75,16.11,broken clouds
48,Esperance,AU,-33.87,121.9,55.4,71,44,24.16,scattered clouds
49,Tumbagaan,PH,5.37,120.31,81.0,75,78,3.09,broken clouds
50,Vaini,TO,-21.2,-175.2,75.2,83,75,8.05,broken clouds
51,Touros,BR,-5.2,-35.46,80.6,69,20,11.41,few clouds
52,Erzin,TR,36.96,36.2,81.0,85,0,2.15,clear sky
53,Puerto Ayacucho,VE,5.66,-67.62,91.4,52,40,11.41,scattered clouds
54,Atuona,PF,-9.8,-139.03,77.61,81,72,23.47,light rain
55,Georgetown,MY,5.41,100.34,80.6,88,20,1.12,few clouds
56,Novokruchininskiy,RU,51.78,113.77,53.6,87,40,2.24,scattered clouds
57,Cape Town,ZA,-33.93,18.42,53.01,71,75,10.29,light rain
58,College,US,64.86,-147.8,53.01,87,90,1.28,mist
59,Kabansk,RU,52.05,106.65,57.2,93,90,1.81,overcast clouds
60,Bredasdorp,ZA,-34.53,20.04,50.0,87,3,10.29,clear sky
61,Puerto Ayora,EC,-0.74,-90.35,75.2,64,48,18.34,scattered clouds
62,Port Said,EG,31.26,32.28,80.6,69,0,8.05,clear sky
63,Kapaa,US,22.08,-159.32,84.99,78,75,10.29,broken clouds
64,Bethel,US,41.37,-73.41,84.0,48,1,8.05,clear sky
65,Lasa,IT,46.62,10.7,53.6,100,90,2.24,light rain
66,Chodavaram,IN,17.83,82.95,82.4,94,75,5.82,mist
67,Provideniya,RU,64.38,-173.3,50.92,72,89,2.77,overcast clouds
68,Hovd,MN,48.01,91.64,51.98,66,100,0.6,overcast clouds
69,Kahului,US,20.89,-156.47,89.6,38,40,19.46,scattered clouds
70,Jacqueville,CI,5.21,-4.41,77.0,94,20,8.05,few clouds
71,Comodoro Rivadavia,AR,-45.87,-67.5,41.0,35,40,19.46,scattered clouds
72,Conde,BR,-7.26,-34.91,78.8,78,20,13.87,few clouds
73,Khatanga,RU,71.97,102.5,52.43,57,2,5.53,clear sky
74,Souillac,MU,-20.52,57.52,71.6,78,20,5.82,few clouds
75,Kazerun,IR,29.62,51.65,79.66,29,1,1.43,clear sky
76,Vilhena,BR,-12.74,-60.15,86.0,51,49,10.29,light rain
77,Skegness,GB,53.14,0.34,57.0,93,90,25.28,light rain
78,Safaga,EG,26.73,33.94,89.6,24,0,6.93,clear sky
79,The Valley,AI,18.22,-63.06,87.8,70,20,12.75,few clouds
80,Jibuti,DJ,11.5,42.5,96.8,39,75,4.7,broken clouds
81,Pringsewu,ID,-5.36,104.97,72.52,93,64,3.58,broken clouds
82,Raduzhnyy,RU,62.1,77.47,54.95,89,18,7.47,light rain
83,Mataura,NZ,-46.19,168.86,45.0,72,23,11.01,few clouds
84,Oktyabrskoye,RU,43.06,44.74,71.6,64,96,13.42,overcast clouds
85,Cam Ranh,VN,11.92,109.16,84.2,83,20,8.05,few clouds
86,Aykhal,RU,66.0,111.5,48.2,42,51,6.71,broken clouds
87,Arlit,NE,18.74,7.39,85.26,50,71,14.65,broken clouds
88,Khanpur,PK,28.65,70.66,91.65,49,0,5.32,clear sky
89,Leningradskiy,RU,69.38,178.42,37.81,94,100,5.79,overcast clouds
90,Hilo,US,19.73,-155.09,84.2,51,1,8.05,clear sky
91,Zhigansk,RU,66.77,123.37,50.16,66,100,7.76,overcast clouds
92,Thompson,CA,55.74,-97.86,60.8,77,75,3.36,broken clouds
93,Wakkanai,JP,45.41,141.67,61.97,95,100,24.74,overcast clouds
94,Hithadhoo,MV,-0.6,73.08,81.75,65,100,11.88,overcast clouds
95,Busselton,AU,-33.65,115.33,46.99,71,21,13.44,few clouds
96,Minsk Mazowiecki,PL,52.18,21.57,61.0,80,34,10.85,scattered clouds
97,Tual,ID,-5.67,132.75,79.18,82,11,23.55,few clouds
98,Pangody,RU,65.85,74.49,55.99,82,81,3.96,broken clouds
99,Sistranda,NO,63.73,8.83,51.8,81,40,5.82,scattered clouds
100,Porto Walter,BR,-8.27,-72.74,97.56,21,1,2.98,clear sky
101,Castro,BR,-24.79,-50.01,64.74,69,0,2.89,clear sky
102,Yangjiang,CN,21.85,111.97,78.69,81,54,3.78,broken clouds
103,Saint-Philippe,RE,-21.36,55.77,69.8,73,75,5.82,broken clouds
104,Saint-Georges,GD,12.06,-61.75,89.6,59,40,13.87,scattered clouds
105,Buala,SB,-8.14,159.59,82.35,76,56,4.61,broken clouds
106,Shimoda,JP,34.67,138.95,73.99,94,0,2.13,clear sky
107,Huejuquilla El Alto,MX,22.6,-103.87,79.12,53,65,7.67,broken clouds
108,Qiongshan,CN,20.01,110.35,77.0,94,24,2.24,mist
109,Mar Del Plata,AR,-38.0,-57.56,57.2,67,94,6.93,overcast clouds
110,Sao Filipe,CV,14.9,-24.5,79.5,84,89,4.85,moderate rain
111,Kirakira,SB,-10.45,161.92,80.87,81,100,8.19,overcast clouds
112,Acari,PE,-15.43,-74.62,69.35,57,69,8.28,broken clouds
113,Codrington,AU,-38.27,141.97,42.66,83,0,11.92,clear sky
114,Necochea,AR,-38.55,-58.74,62.01,63,67,5.01,broken clouds
115,Galle,LK,6.04,80.22,81.14,79,94,13.27,light rain
116,Silver City,US,32.77,-108.28,93.2,16,1,6.93,clear sky
117,Waipawa,NZ,-41.41,175.52,55.4,71,85,14.99,overcast clouds
118,Nusaybin,TR,37.08,41.22,82.92,18,0,10.25,clear sky
119,Yuli,NG,9.7,10.27,74.01,87,100,3.09,moderate rain
120,Maniitsoq,GL,65.42,-52.9,52.63,54,100,6.87,overcast clouds
121,Port Lincoln,AU,-34.73,135.87,58.15,44,0,16.6,clear sky
122,East London,ZA,-33.02,27.91,61.68,65,75,3.89,broken clouds
123,Severo-Kurilsk,RU,50.68,156.12,51.44,78,49,8.43,scattered clouds
124,Yulara,AU,-25.24,130.99,53.6,25,0,5.82,clear sky
125,Kicevo,MK,41.51,20.96,66.88,60,0,0.96,clear sky
126,Tiksi,RU,71.69,128.87,43.0,83,38,9.24,scattered clouds
127,Khovu-Aksy,RU,51.13,93.6,47.75,90,100,3.22,overcast clouds
128,Isangel,VU,-19.55,169.27,75.2,88,75,3.36,broken clouds
129,Clarence Town,AU,-32.58,151.78,43.0,93,0,6.93,clear sky
130,Saskylakh,RU,71.92,114.08,49.46,71,0,2.95,clear sky
131,San Patricio,MX,19.22,-104.7,87.8,66,75,9.17,broken clouds
132,Avarua,CK,-21.21,-159.78,75.2,73,44,10.29,scattered clouds
133,Longyearbyen,SJ,78.22,15.64,32.0,92,90,10.29,light snow
134,Shaowu,CN,27.34,117.48,71.83,88,3,1.54,clear sky
135,Esna,EG,25.29,32.55,87.8,31,0,5.82,clear sky
136,New Norfolk,AU,-42.78,147.06,53.01,64,100,3.0,overcast clouds
137,Nanortalik,GL,60.14,-45.24,48.92,76,100,23.78,light rain
138,Ocher,RU,57.89,54.72,59.83,91,100,6.04,overcast clouds
139,Faanui,PF,-16.48,-151.75,76.15,80,1,20.36,clear sky
140,Aripuana,BR,-9.17,-60.63,93.92,34,55,2.42,broken clouds
141,Tuatapere,NZ,-46.13,167.68,45.0,72,18,11.01,few clouds
142,Mgandu,TZ,-5.95,34.13,62.56,59,9,9.1,clear sky
143,Atlantic Beach,US,30.33,-81.4,89.6,74,75,10.29,broken clouds
144,Samana,DO,19.21,-69.34,89.6,79,20,9.17,few clouds
145,Aitape,PG,-3.14,142.35,78.94,81,100,7.81,overcast clouds
146,Butterworth,MY,5.4,100.36,80.6,88,20,1.12,few clouds
147,Caravelas,BR,-17.71,-39.25,71.15,78,0,4.29,clear sky
148,Havre-Saint-Pierre,CA,50.23,-63.6,55.4,71,90,17.22,overcast clouds
149,Xiongyue,CN,40.18,122.12,67.48,91,15,9.06,few clouds
150,Okhotsk,RU,59.38,143.3,50.86,76,71,8.99,light rain
151,Kununurra,AU,-15.77,128.73,60.8,25,19,11.7,few clouds
152,Roald,NO,62.58,6.13,55.0,81,75,14.99,broken clouds
153,Matay,EG,28.42,30.78,82.31,49,0,19.33,clear sky
154,Ilulissat,GL,69.22,-51.1,44.6,48,81,11.41,broken clouds
155,Huarmey,PE,-10.07,-78.15,67.32,69,8,11.92,clear sky
156,Japura,ID,-0.32,102.35,73.85,88,100,2.53,overcast clouds
157,Pevek,RU,69.7,170.31,40.57,86,51,2.8,broken clouds
158,Barrow,US,71.29,-156.79,37.4,74,90,14.99,overcast clouds
159,Clyde River,CA,70.47,-68.59,51.8,62,20,12.75,few clouds
160,Bambous Virieux,MU,-20.34,57.76,71.6,78,20,5.82,few clouds
161,Sao Desiderio,BR,-12.36,-44.97,82.24,23,3,4.5,clear sky
162,Sorland,NO,67.67,12.69,44.6,93,75,4.7,shower rain
163,Vagur,FO,61.47,-6.81,50.43,74,99,12.3,overcast clouds
164,Sumbe,AO,-11.21,13.84,69.31,81,100,5.79,overcast clouds
165,Hobyo,SO,5.35,48.53,76.95,82,98,25.14,overcast clouds
166,Aklavik,CA,68.22,-135.01,51.8,62,40,6.93,scattered clouds
167,Suchiapa,MX,16.62,-93.08,87.8,55,40,3.36,scattered clouds
168,Torbay,CA,47.67,-52.73,64.99,55,90,24.16,overcast clouds
169,Jardim,BR,-21.48,-56.14,94.08,28,0,1.32,clear sky
170,Muroto,JP,33.28,134.15,82.18,76,0,7.31,clear sky
171,La Paz,BO,-16.5,-68.15,66.2,16,40,8.05,scattered clouds
172,Acapulco,MX,16.86,-99.89,86.0,70,40,12.75,scattered clouds
173,Hasaki,JP,35.73,140.83,77.0,94,20,2.24,fog
174,Wanning,CN,18.8,110.4,79.93,85,88,5.99,overcast clouds
175,Butajira,ET,8.12,38.37,58.21,76,48,1.23,light rain
176,Lundazi,ZM,-12.29,33.18,69.26,42,20,8.5,few clouds
177,Ribeira Grande,PT,38.52,-28.7,77.0,88,75,12.75,broken clouds
178,Umba,RU,66.69,34.34,48.92,78,36,5.95,scattered clouds
179,Sibolga,ID,1.74,98.78,76.01,83,87,3.18,overcast clouds
180,Kyzyl-Mazhalyk,RU,51.13,90.6,53.53,71,100,2.95,overcast clouds
181,Portland,US,45.52,-122.68,79.0,47,1,8.05,clear sky
182,Itaituba,BR,-4.28,-55.98,80.6,94,20,5.82,few clouds
183,Palatka,US,29.65,-81.64,91.99,69,100,6.29,overcast clouds
184,Komsomolskiy,UZ,40.43,71.72,66.2,63,0,6.93,clear sky
185,Constitucion,CL,-35.33,-72.42,49.89,91,100,13.11,overcast clouds
186,Kongwa,TZ,-6.2,36.42,63.5,71,73,5.19,broken clouds
187,Cabo San Lucas,MX,22.89,-109.91,84.2,88,90,6.93,overcast clouds
188,Andenes,NO,69.31,16.12,48.2,76,75,9.17,broken clouds
189,Ola,RU,59.58,151.28,48.11,66,83,11.59,broken clouds
190,Hearst,CA,49.68,-83.67,70.23,52,100,5.75,overcast clouds
191,Turi,IT,40.92,17.02,82.0,94,5,10.29,clear sky
192,Whitehorse,CA,60.72,-135.05,48.0,93,90,5.82,light rain
193,Camapua,BR,-19.53,-54.04,92.71,10,0,6.46,clear sky
194,Ajaccio,FR,42.0,8.92,75.2,78,0,5.82,clear sky
195,Meulaboh,ID,4.14,96.13,75.99,88,99,4.59,moderate rain
196,Nikolskoye,RU,59.7,30.79,57.2,87,75,6.71,broken clouds
197,Tuktoyaktuk,CA,69.45,-133.04,48.2,70,20,11.41,few clouds
198,Merauke,ID,-8.47,140.33,77.36,80,100,16.84,overcast clouds
199,Catalina,US,32.51,-110.92,105.01,18,7,1.99,clear sky
200,Kabompo,ZM,-13.59,24.2,71.08,53,55,3.6,broken clouds
201,Chuy,UY,-33.7,-53.46,59.0,95,49,5.28,scattered clouds
202,Tromso,NO,69.65,18.96,46.4,87,75,12.75,light intensity shower rain
203,Iqaluit,CA,63.75,-68.51,53.6,54,75,4.7,broken clouds
204,Enterprise,US,36.03,-115.24,105.01,8,40,10.29,scattered clouds
205,Victoria,HK,22.29,114.16,82.0,74,97,4.0,overcast clouds
206,Fortuna,US,40.6,-124.16,70.0,72,1,13.87,clear sky
207,Vila Do Maio,CV,15.13,-23.22,82.4,78,75,2.24,broken clouds
208,Batavia,US,41.85,-88.31,93.99,46,1,8.05,clear sky
209,Mahebourg,MU,-20.41,57.7,71.6,78,20,5.82,few clouds
210,San Pedro,PH,14.35,121.02,84.2,79,100,8.05,overcast clouds
211,Vallenar,CL,-28.57,-70.76,70.56,22,7,6.24,clear sky
212,Chinhoyi,ZW,-17.37,30.2,63.34,64,0,4.05,clear sky
213,Tilichiki,RU,60.47,166.1,48.2,78,90,12.5,overcast clouds
214,Carnarvon,AU,-24.87,113.63,59.0,100,75,8.05,broken clouds
215,Walvis Bay,NA,-22.96,14.51,55.0,66,0,12.75,clear sky
216,Ituiutaba,BR,-18.97,-49.47,83.77,23,0,4.85,clear sky
217,Kenai,US,60.55,-151.26,59.0,71,1,4.7,clear sky
218,Palu,ID,-0.89,119.87,74.43,79,7,2.66,clear sky
219,Oregon,US,44.0,-120.5,81.0,16,0,5.99,clear sky
220,Fereydun Kenar,IR,36.69,52.52,75.2,83,75,1.25,broken clouds
221,Ormara,PK,25.21,64.64,81.46,88,70,15.01,broken clouds
222,Zhezkazgan,KZ,47.8,67.71,67.59,38,0,10.29,clear sky
223,Samarai,PG,-10.62,150.67,78.21,87,100,9.31,overcast clouds
224,Puerto Princesa,PH,9.74,118.74,79.18,82,2,2.37,clear sky
225,Evensk,RU,61.95,159.23,49.6,68,30,10.47,scattered clouds
226,Vanimo,PG,-2.67,141.3,79.56,81,100,9.26,overcast clouds
227,Noumea,NC,-22.28,166.46,71.01,93,100,3.36,overcast clouds
228,Yar-Sale,RU,66.83,70.83,56.25,79,96,7.4,overcast clouds
229,Kushmurun,KZ,52.45,64.63,69.17,55,71,6.2,broken clouds
230,Egvekinot,RU,66.32,-179.17,43.05,83,100,8.21,overcast clouds
231,Ibarra,EC,0.35,-78.12,69.8,56,40,17.22,scattered clouds
232,Ambilobe,MG,-13.2,49.05,66.74,75,20,4.9,few clouds
233,Alexandria,EG,31.22,29.96,80.6,78,40,8.05,scattered clouds
234,Guerrero Negro,MX,27.98,-114.06,88.83,45,0,14.2,clear sky
235,Davila,PH,18.47,120.58,81.91,78,100,12.44,overcast clouds
236,Huaraz,PE,-9.53,-77.53,63.82,30,55,3.29,broken clouds
237,Ancud,CL,-41.87,-73.82,46.99,75,75,17.22,broken clouds
238,Makakilo City,US,21.35,-158.09,86.0,55,20,8.05,few clouds
239,Shache,CN,38.42,77.24,64.27,38,0,8.34,clear sky
240,Boshan,CN,36.48,117.83,68.86,85,0,1.81,light rain
241,Ponta Do Sol,PT,32.67,-17.1,75.0,51,0,5.35,clear sky
242,Banda Aceh,ID,5.56,95.32,79.95,76,100,3.09,overcast clouds
243,Lazaro Cardenas,MX,17.96,-102.2,83.84,71,47,12.35,scattered clouds
244,Sabha,LY,27.04,14.43,86.61,25,0,10.63,clear sky
245,Biltine,TD,14.53,20.92,82.06,67,71,3.49,light rain
246,Charters Towers,AU,-20.1,146.27,55.31,74,0,11.41,clear sky
247,Norman Wells,CA,65.28,-126.83,50.0,66,90,11.41,overcast clouds
248,Ixtapa,MX,20.7,-105.2,84.99,74,90,5.82,overcast clouds
249,Anadyr,RU,64.75,177.48,50.0,81,75,2.24,broken clouds
250,Port Blair,IN,11.67,92.75,81.55,74,89,6.64,overcast clouds
251,Puerto Maldonado,PE,-12.6,-69.18,96.8,34,21,6.93,few clouds
252,Hazaribag,IN,23.98,85.35,70.83,88,20,10.85,few clouds
253,Lagoa,PT,39.05,-27.98,74.17,92,0,16.78,clear sky
254,Olivenza,ES,38.68,-7.1,77.0,29,20,17.22,few clouds
255,Nelson Bay,AU,-32.72,152.15,43.0,93,0,6.93,clear sky
256,Drayton Valley,CA,53.22,-114.99,66.0,59,100,7.0,overcast clouds
257,Lorengau,PG,-2.02,147.27,82.45,77,100,12.95,light rain
258,Ritchie,ZA,-29.04,24.6,50.0,31,0,3.36,clear sky
259,Eydhafushi,MV,5.1,73.07,82.94,72,48,11.72,scattered clouds
260,Marystown,CA,47.17,-55.15,62.01,100,76,8.01,broken clouds
261,Jiaonan,CN,35.88,119.98,75.0,94,0,2.24,mist
262,Kaitangata,NZ,-46.28,169.85,46.0,62,53,1.99,broken clouds
263,Puqi,CN,29.72,113.88,73.02,80,0,1.25,light rain
264,Zenzeli,RU,45.92,47.05,74.93,55,100,5.35,overcast clouds
265,Lamar,US,33.67,-95.58,97.0,56,1,5.82,clear sky
266,Kamaishi,JP,39.27,141.88,79.92,80,25,2.08,scattered clouds
267,Chifeng,CN,42.27,118.96,58.39,87,99,2.84,overcast clouds
268,Jumla,NP,29.27,82.18,62.55,71,100,0.49,overcast clouds
269,La Romana,DO,18.43,-68.97,91.4,70,75,12.75,broken clouds
270,Termiz,UZ,37.22,67.28,69.8,46,0,4.7,clear sky
271,Lata,PT,40.16,-8.33,66.0,76,98,5.01,overcast clouds
272,Manhattan Beach,US,33.88,-118.41,78.01,68,20,12.75,few clouds
273,Chilca,PE,-12.52,-76.74,64.4,72,90,13.87,overcast clouds
274,Ahipara,NZ,-35.17,173.17,57.38,79,3,6.42,clear sky
275,Dejen,ET,10.17,38.13,54.34,99,99,3.2,moderate rain
276,Kavaratti,IN,10.57,72.64,81.54,77,100,10.27,overcast clouds
277,Coquimbo,CL,-29.95,-71.34,57.2,62,20,10.29,few clouds
278,Kudahuvadhoo,MV,2.67,72.89,81.45,78,100,14.5,moderate rain
279,Omsukchan,RU,62.53,155.8,39.49,86,100,8.25,overcast clouds
280,Nistoresti,RO,45.83,26.73,57.0,73,57,4.61,broken clouds
281,Vao,NC,-22.67,167.48,68.14,87,99,17.31,overcast clouds
282,Henties Bay,NA,-22.12,14.28,55.0,86,0,1.01,clear sky
283,Cherskiy,RU,68.75,161.3,43.29,86,75,6.73,broken clouds
284,Jalu,LY,29.03,21.55,82.72,39,0,11.41,clear sky
285,Broome,US,42.25,-75.83,78.01,69,90,3.36,overcast clouds
286,Qujing,CN,25.48,103.78,59.68,91,69,1.68,light rain
287,San Cristobal,VE,7.77,-72.22,89.6,59,40,12.75,scattered clouds
288,Talnakh,RU,69.49,88.4,51.8,81,29,4.47,scattered clouds
289,Luebo,CD,-5.35,21.42,76.15,69,0,1.77,clear sky
290,Saint-Pierre,RE,-21.34,55.48,69.8,73,75,5.82,broken clouds
291,Campbell River,CA,50.02,-125.24,68.0,64,75,4.7,broken clouds
292,Tole,UA,44.72,33.82,65.66,55,3,4.72,clear sky
293,Santa Vitoria Do Palmar,BR,-33.52,-53.37,59.38,94,65,5.59,broken clouds
294,Fort Nelson,CA,58.81,-122.7,53.6,87,90,2.24,light rain
295,Beecher,US,43.09,-83.69,81.0,74,75,9.17,broken clouds
296,Nome,US,64.5,-165.41,55.99,76,90,4.7,overcast clouds
297,Port Macquarie,AU,-31.43,152.92,45.0,84,0,6.62,clear sky
298,Mitsamiouli,KM,-11.38,43.28,75.61,80,23,6.51,few clouds
299,Salinopolis,BR,-0.61,-47.36,81.05,81,81,12.97,broken clouds
300,Lompoc,US,34.64,-120.46,70.0,68,1,12.75,clear sky
301,Noboribetsu,JP,42.45,141.17,75.99,100,90,5.82,heavy intensity drizzle
302,Pa Sang,TH,18.53,98.94,78.8,94,75,6.93,broken clouds
303,Marienburg,PL,54.04,19.03,61.0,87,100,10.29,overcast clouds
304,Husavik,IS,66.04,-17.34,51.8,76,90,9.17,overcast clouds
305,Haifa,IL,32.82,34.99,75.99,85,0,8.75,clear sky
306,Sept-Iles,CA,50.2,-66.38,62.01,51,75,14.99,broken clouds
307,Taos,US,36.41,-105.57,86.0,22,75,24.16,broken clouds
308,Bubaque,GW,11.28,-15.83,80.87,79,100,16.69,moderate rain
309,Ostrovnoy,RU,68.05,39.51,49.05,64,49,9.6,scattered clouds
310,Hayden,US,47.77,-116.79,82.0,22,1,5.82,clear sky
311,Kosikha,RU,53.36,84.58,53.6,87,0,6.71,clear sky
312,Gizo,SB,-8.1,156.84,81.14,75,98,4.74,overcast clouds
313,Alice Springs,AU,-23.7,133.88,42.8,33,0,4.7,clear sky
314,Mayya,RU,61.73,130.28,37.4,73,99,2.24,overcast clouds
315,Nouadhibou,MR,20.93,-17.03,80.6,83,0,11.41,clear sky
316,Naze,JP,28.37,129.48,78.8,100,8,3.36,clear sky
317,Fairbanks,US,64.84,-147.72,53.01,93,90,5.82,overcast clouds
318,Namibe,AO,-15.2,12.15,59.76,82,100,9.01,overcast clouds
319,Pekan,MY,3.48,103.4,78.8,88,20,4.16,few clouds
320,Khash,IR,28.22,61.22,66.79,26,75,2.06,broken clouds
321,Catamarca,AR,-28.47,-65.79,82.99,27,1,1.99,clear sky
322,Rio Maior,PT,39.34,-8.94,66.99,99,24,13.0,few clouds
323,Bulungu,CD,-4.55,18.6,77.9,62,77,2.64,broken clouds
324,Lugovoy,KZ,42.95,72.76,61.25,41,0,3.44,clear sky
325,Sabang,ID,5.89,95.32,83.35,73,100,6.82,overcast clouds
326,Mahibadhoo,MV,3.78,72.97,83.53,70,100,10.07,overcast clouds
327,Hambantota,LK,6.12,81.12,79.9,78,100,15.77,overcast clouds
328,Zhangjiakou,CN,40.81,114.88,64.06,80,0,2.42,clear sky
329,Asfi,MA,32.3,-9.24,70.32,89,8,16.64,clear sky
330,Preobrazheniye,RU,42.9,133.91,72.63,94,79,1.88,broken clouds
331,Bumba,CD,2.18,22.47,71.71,95,36,2.82,scattered clouds
332,Kukuna,SL,9.4,-12.67,73.42,97,100,5.59,moderate rain
333,Tabou,CI,4.42,-7.35,76.14,86,25,8.63,scattered clouds
334,Yuksekova,TR,37.57,44.29,62.6,59,1,4.7,clear sky
335,Grand-Santi,GF,4.25,-54.38,86.09,63,98,1.59,overcast clouds
336,Storforshei,NO,66.4,14.52,46.0,87,40,3.36,scattered clouds
337,Batagay-Alyta,RU,67.8,130.41,42.71,64,69,0.29,broken clouds
338,Cayenne,GF,4.93,-52.33,80.6,88,90,3.36,overcast clouds
339,Luderitz,NA,-26.65,15.16,55.96,79,0,5.59,clear sky
340,Gogrial,SS,8.53,28.1,73.31,90,82,3.11,broken clouds
341,Klaksvik,FO,62.23,-6.59,46.4,87,91,8.05,drizzle
342,Pimenteiras,BR,-6.25,-41.42,86.5,26,51,2.59,broken clouds
343,Susehri,TR,40.16,38.09,59.45,65,0,2.08,clear sky
344,Tarakan,ID,3.3,117.63,79.59,80,74,4.54,broken clouds
345,Basti,IN,26.8,82.72,78.67,87,51,11.3,broken clouds
346,Vestmannaeyjar,IS,63.44,-20.27,52.38,85,95,18.48,overcast clouds
347,Tautira,PF,-17.73,-149.15,80.6,61,20,6.93,few clouds
348,Tura,IN,25.52,90.22,73.18,97,5,4.41,clear sky
349,Avera,US,33.19,-82.53,89.6,66,75,8.05,broken clouds
350,Monroe,US,43.15,-77.68,73.0,64,75,8.05,broken clouds
351,Dingle,PH,11.0,122.67,75.52,88,100,2.68,overcast clouds
352,Upernavik,GL,72.79,-56.15,40.93,69,0,16.13,clear sky
353,Makhachkala,RU,42.98,47.5,77.0,53,67,11.18,broken clouds
354,Along,IN,28.17,94.77,71.89,90,91,1.45,overcast clouds
355,Aswan,EG,24.09,32.91,84.83,23,0,8.25,clear sky
356,Te Anau,NZ,-45.42,167.72,42.3,80,44,7.87,scattered clouds
357,Bilma,NE,18.69,12.92,94.37,31,68,10.92,broken clouds
358,Darayya,SY,33.46,36.24,71.6,49,0,4.7,light rain
359,Santiago,CL,-33.46,-70.65,55.0,62,75,4.7,broken clouds
360,Bereda,ES,43.27,-7.54,57.0,90,3,3.0,light rain
361,Tahta,EG,26.77,31.5,89.6,25,0,8.05,clear sky
362,Alofi,NU,-19.06,-169.92,77.0,61,75,18.34,broken clouds
363,Pangoa,PE,-12.12,-73.0,88.77,38,27,4.23,scattered clouds
364,Heiligenhafen,DE,54.37,10.98,60.8,87,32,3.36,scattered clouds
365,Okha,RU,53.57,142.95,49.84,85,0,5.23,clear sky
366,Saint-Francois,FR,46.42,3.91,62.6,72,70,5.82,broken clouds
367,Bathsheba,BB,13.22,-59.52,86.0,70,40,18.34,scattered clouds
368,Geraldton,AU,-28.77,114.6,57.2,67,75,11.41,broken clouds
369,Mezen,RU,65.85,44.24,42.1,78,8,5.28,clear sky
370,Vicksburg,US,32.35,-90.88,89.6,74,1,14.99,clear sky
371,Susanville,US,40.42,-120.65,90.0,16,1,4.7,clear sky
372,Boden,SE,65.83,21.69,51.8,87,88,5.82,overcast clouds
373,Alta Floresta,BR,-9.88,-56.09,98.6,27,40,3.36,scattered clouds
374,Pochutla,MX,15.74,-96.47,75.2,64,90,2.51,overcast clouds
375,Kieta,PG,-6.22,155.63,80.11,70,49,0.25,scattered clouds
376,Batagay,RU,67.63,134.63,44.71,60,4,1.97,clear sky
377,Yumen,CN,40.28,97.2,60.75,43,100,4.79,overcast clouds
378,Fallon,US,39.47,-118.78,90.0,19,40,8.75,scattered clouds
379,Xinzhi,CN,36.5,111.7,73.17,71,0,2.39,clear sky
380,Quito,EC,-0.23,-78.52,69.8,56,40,17.22,scattered clouds
381,Belaya Gora,RU,68.53,146.42,43.02,85,100,4.88,light rain
382,Mitu,CO,1.2,-70.17,85.41,67,100,0.04,light rain
383,Hamilton,US,39.18,-84.53,82.99,83,20,9.17,moderate rain
384,Sobolevo,RU,54.43,31.9,49.62,93,0,6.53,clear sky
385,Det Udom,TH,14.91,105.08,77.0,100,40,3.36,scattered clouds
386,Port Elizabeth,ZA,-33.92,25.57,57.2,71,0,6.93,clear sky
387,Pacifica,US,37.61,-122.49,73.0,63,40,14.99,smoke
388,Angoram,PG,-4.06,144.07,74.28,97,100,1.79,overcast clouds
389,Concarneau,FR,47.88,-3.92,57.2,87,40,5.82,scattered clouds
390,Moron,AR,-34.65,-58.62,66.2,77,40,5.82,scattered clouds
391,Solnechnyy,RU,50.72,136.63,47.55,82,8,5.73,clear sky
392,Lodja,CD,-3.48,23.43,74.89,72,65,1.5,broken clouds
393,Nicosia,CY,35.17,33.37,80.01,83,20,5.82,few clouds
394,Hohhot,CN,40.81,111.65,59.0,87,68,6.71,broken clouds
395,Boguchany,RU,58.38,97.45,51.1,91,50,1.7,scattered clouds
396,Iranshahr,IR,27.2,60.68,95.0,12,26,4.7,scattered clouds
397,Katangli,RU,51.71,143.23,49.23,91,14,9.08,few clouds
398,Lashio,MM,22.93,97.75,68.54,100,100,0.45,overcast clouds
399,Guarapuava,BR,-25.4,-51.46,64.54,71,0,1.92,clear sky
400,Stephenville Crossing,CA,48.5,-58.43,59.0,67,75,26.4,broken clouds
401,Hervey Bay,AU,-25.3,152.85,54.0,76,0,8.05,clear sky
402,Missoula,US,47.02,-113.8,82.0,24,1,4.7,clear sky
403,Seguela,CI,7.96,-6.67,72.09,92,97,7.56,moderate rain
404,Soyo,AO,-6.13,12.37,72.52,87,100,10.78,overcast clouds
405,Boyolangu,ID,-8.12,111.89,73.54,90,62,5.7,broken clouds
406,Zarubino,RU,42.63,131.09,70.75,97,90,3.87,overcast clouds
407,Pandak,ID,-7.91,110.29,74.46,87,22,6.51,few clouds
408,Ninotsminda,GE,41.26,43.59,64.4,59,20,4.7,few clouds
409,Yeniseysk,RU,58.45,92.17,49.28,96,0,2.55,clear sky
410,Portsmouth,GB,50.8,-1.09,57.99,84,79,1.99,broken clouds
411,Flinders,AU,-34.58,150.86,46.0,81,0,1.01,clear sky
412,Pokhara,NP,28.23,83.98,70.65,86,69,0.38,broken clouds
413,Teplyk,UA,48.67,29.75,58.71,74,0,2.75,clear sky
414,Planaltina,BR,-15.45,-47.61,82.4,30,64,6.93,broken clouds
415,Talara,PE,-4.58,-81.27,75.2,60,3,12.75,clear sky
416,Nhulunbuy,AU,-12.23,136.77,75.2,64,75,8.05,broken clouds
417,Oytal,KZ,42.91,73.27,62.29,41,0,2.37,clear sky
418,Brae,GB,60.4,-1.35,50.0,87,89,10.29,overcast clouds
419,Port Pirie,AU,-33.18,138.02,46.4,75,0,10.29,clear sky
420,Payakumbuh,ID,-0.22,100.63,70.07,89,99,2.06,overcast clouds
421,Maldonado,UY,-34.67,-54.92,64.0,88,75,6.93,broken clouds
422,Kirovskiy,RU,45.09,133.51,67.24,98,100,4.54,overcast clouds
423,Innisfail,AU,-17.53,146.03,57.99,97,96,5.01,overcast clouds
424,Port Augusta,AU,-32.5,137.77,46.4,75,0,10.29,clear sky
425,Trelew,AR,-43.25,-65.31,50.81,43,34,22.73,scattered clouds
426,Nara,JP,34.69,135.8,78.8,100,20,3.36,few clouds
427,Bonthe,SL,7.53,-12.51,77.0,87,100,8.66,light rain
428,Vardo,NO,70.37,31.11,44.6,75,0,6.93,clear sky
429,Manzhouli,CN,49.6,117.43,47.86,87,62,8.16,broken clouds
430,Faya,SA,18.39,42.45,69.8,88,0,1.95,clear sky
431,Pasighat,IN,28.07,95.33,75.2,84,78,2.66,broken clouds
432,Falun,SE,60.6,15.63,53.6,76,55,3.36,broken clouds
433,Port Hardy,CA,50.7,-127.42,62.6,72,75,11.41,broken clouds
434,Kavieng,PG,-2.57,150.8,80.96,82,98,12.28,overcast clouds
435,Nichinan,JP,31.6,131.37,78.01,94,15,4.0,few clouds
436,Vanavara,RU,60.34,102.28,51.58,92,100,2.53,overcast clouds
437,Juneau,US,58.3,-134.42,53.6,81,90,11.41,light rain
438,Jepara,ID,-5.17,105.7,74.07,84,36,3.09,scattered clouds
439,Ozu,JP,33.5,132.55,79.0,74,1,3.0,clear sky
440,Qasigiannguit,GL,68.82,-51.19,44.6,48,100,11.41,overcast clouds
441,Kerema,PG,-7.96,145.78,76.06,89,98,4.99,overcast clouds
442,Fukuma,JP,33.77,130.47,80.6,78,4,4.7,clear sky
443,Aguimes,ES,27.91,-15.45,79.0,69,0,27.51,clear sky
444,Bodden Town,KY,19.28,-81.25,89.6,75,20,8.05,few clouds
445,Sovetskiy,RU,61.36,63.58,52.3,82,59,3.42,broken clouds
446,Moerai,PF,-22.43,-151.33,70.66,83,17,13.94,few clouds
447,Murdochville,CA,48.96,-65.5,52.54,63,92,14.27,overcast clouds
448,Midland,US,32.0,-102.08,100.99,18,1,16.11,clear sky
449,Okrika,NG,4.74,7.08,75.2,94,75,3.74,light intensity drizzle
450,Zhob,PK,31.34,69.45,76.5,53,0,6.24,clear sky
451,Kushima,JP,31.46,131.23,78.01,94,19,4.0,few clouds
452,Rojhan,PK,28.69,69.95,90.95,53,11,8.23,few clouds
453,Abu Dhabi,AE,24.47,54.37,96.8,67,94,9.17,overcast clouds
454,Khani,GE,41.96,42.96,69.8,88,81,2.24,broken clouds
455,Tvoroyri,FO,61.56,-6.81,46.4,87,99,8.05,drizzle
456,Port Hedland,AU,-20.32,118.57,66.2,55,0,8.05,clear sky
457,Sao Sebastiao,BR,-23.76,-45.41,70.03,82,4,3.74,clear sky
458,Fort Frances,CA,48.6,-93.4,70.0,77,90,13.87,moderate rain
459,Taltal,CL,-25.4,-70.48,63.68,52,22,8.34,few clouds
460,Lunas,PH,10.64,123.75,80.6,78,20,9.17,few clouds
461,Altamira,BR,-3.2,-52.21,86.0,70,20,2.24,few clouds
462,Tadine,NC,-21.55,167.88,72.68,86,31,12.21,scattered clouds
463,Burghead,GB,57.7,-3.49,53.6,71,87,17.22,overcast clouds
464,Hakodate,JP,41.78,140.74,76.44,79,17,5.01,few clouds
465,Sao Jose Da Coroa Grande,BR,-8.9,-35.15,75.34,83,99,6.67,overcast clouds
466,Riberalta,BO,-10.98,-66.1,96.8,41,40,6.93,smoke
467,Mwinilunga,ZM,-11.74,24.43,67.46,65,86,3.09,overcast clouds
468,Cap Malheureux,MU,-19.98,57.61,69.01,78,0,3.0,clear sky
469,Port-Gentil,GA,-0.72,8.78,77.0,83,90,15.84,overcast clouds
470,Atar,MR,20.52,-13.05,98.38,25,89,13.33,overcast clouds
471,Aviemore,GB,57.2,-3.83,52.0,71,75,9.17,broken clouds
472,Mazagao,BR,-0.12,-51.29,89.6,59,20,4.7,few clouds
473,Sjenica,RS,43.27,20.0,60.35,76,0,4.25,clear sky
474,Raudeberg,NO,61.99,5.14,55.99,84,5,19.01,clear sky
475,Hutchinson,US,38.06,-97.93,100.0,32,1,9.17,clear sky
476,Margate,GB,51.38,1.39,57.99,82,28,4.0,scattered clouds
477,Ojinaga,MX,29.57,-104.42,102.2,16,1,5.82,clear sky
478,Nizhniy Baskunchak,RU,48.22,46.83,72.32,67,100,8.86,overcast clouds
479,Falciu,RO,46.3,28.14,65.84,44,6,4.12,clear sky
480,Namtsy,RU,62.72,129.67,37.4,72,100,2.24,overcast clouds
481,Ajdabiya,LY,30.76,20.23,77.41,68,0,11.52,clear sky
482,Ketchikan,US,55.34,-131.65,57.2,82,90,14.99,light rain
483,Saint Anthony,US,45.02,-93.22,81.0,65,40,8.05,scattered clouds
484,Sukabumi,ID,-6.92,106.93,80.01,85,95,1.63,overcast clouds
485,Berlevag,NO,70.86,29.09,42.8,75,20,9.17,few clouds
486,Yakeshi,CN,49.28,120.73,50.54,93,100,12.01,overcast clouds
487,Tevaitoa,PF,-16.78,-151.5,76.77,77,2,19.77,clear sky
488,San Julian,MX,21.02,-102.17,72.95,64,26,4.14,scattered clouds
489,Barranca,PE,-10.75,-77.77,64.83,74,7,11.01,clear sky
490,Palm City,US,27.17,-80.27,91.99,55,40,12.75,scattered clouds
491,Davlekanovo,RU,54.22,55.03,66.2,63,93,6.71,overcast clouds
492,Zhuhai,CN,22.28,113.57,82.4,88,20,2.24,few clouds
493,Le Havre,FR,49.49,0.11,59.0,87,71,10.29,broken clouds
494,Katsuura,JP,35.13,140.3,82.4,88,20,10.29,few clouds
495,Ternate,ID,0.8,127.4,79.68,79,36,5.12,scattered clouds
496,Clonakilty,IE,51.62,-8.87,55.99,82,75,16.11,broken clouds
497,Aizkraukle,LV,56.6,25.26,46.0,94,33,1.54,scattered clouds
498,Inirida,CO,3.87,-67.92,85.44,72,76,2.93,broken clouds
499,Eureka,US,40.8,-124.16,70.0,77,1,8.05,clear sky
500,Ikryanoye,RU,46.09,47.73,69.8,77,40,4.47,scattered clouds
501,Saurimo,AO,-9.66,20.39,68.43,80,93,9.26,light rain
502,Camana,PE,-16.62,-72.71,62.49,77,69,8.32,broken clouds
503,Iquitos,PE,-3.75,-73.25,86.0,74,40,6.93,scattered clouds
504,Tahoua,NE,14.89,5.27,80.65,66,72,7.09,broken clouds
505,Maarianhamina,AX,60.1,19.93,46.4,100,1,4.7,clear sky
506,Marshfield,US,44.67,-90.17,81.0,73,75,12.75,broken clouds
507,Paita,PE,-5.09,-81.11,75.2,60,8,12.75,clear sky
508,Kalmunai,LK,7.42,81.82,79.52,78,62,4.9,broken clouds
509,Chapulhuacan,MX,21.17,-98.9,78.66,80,56,6.51,broken clouds
510,Port Shepstone,ZA,-30.74,30.45,60.4,80,38,5.64,scattered clouds
511,Bambanglipuro,ID,-7.95,110.28,74.95,87,18,8.72,few clouds
512,Qaqortoq,GL,60.72,-46.03,60.8,72,75,14.99,broken clouds
513,Narsaq,GL,60.92,-46.05,60.8,58,75,14.99,broken clouds
514,Dosso,NE,13.05,3.19,79.09,77,94,11.95,overcast clouds
515,Sarh,TD,9.14,18.39,71.87,96,100,0.29,overcast clouds
516,Yambio,SS,4.57,28.4,68.61,94,85,1.66,light rain
517,Florence,IT,43.77,11.25,78.8,57,0,2.24,clear sky
518,Sungaipenuh,ID,-2.08,101.38,63.43,92,86,2.06,overcast clouds
519,Glencoe,ZA,-28.18,30.15,61.25,42,4,7.49,clear sky
520,Bac Lieu,VN,9.29,105.72,79.9,84,68,8.3,broken clouds
521,Mahon,ES,39.89,4.27,78.8,83,0,6.93,clear sky
522,Motygino,RU,58.18,94.76,47.21,92,13,1.07,few clouds
523,Tevriz,RU,57.51,72.4,58.75,97,100,4.63,overcast clouds
524,Gazojak,TM,41.19,61.4,73.9,25,0,11.03,clear sky
525,Sile,TR,41.18,29.61,72.0,71,0,11.21,clear sky
526,Ust-Omchug,RU,61.15,149.63,37.54,86,100,7.34,overcast clouds
527,Korgen,NO,66.08,13.82,46.0,87,40,3.36,scattered clouds
528,Mackay,AU,-21.15,149.2,53.6,93,40,6.93,scattered clouds
529,Los Llanos De Aridane,ES,28.66,-17.92,78.01,88,20,14.99,few clouds
530,Oussouye,SN,12.48,-16.55,82.4,83,20,6.93,few clouds
531,Jatiroto,ID,-7.88,111.12,71.01,87,16,4.23,few clouds
532,Bowen,AU,-20.02,148.23,57.2,87,55,6.93,broken clouds
533,Matara,LK,5.95,80.54,79.36,82,92,10.58,overcast clouds
534,Khulna,BD,22.81,89.57,78.57,93,4,6.24,clear sky
535,Silleda,ES,42.7,-8.25,57.0,82,0,2.24,clear sky
536,Dawlatabad,AF,36.41,64.91,68.25,31,0,6.17,clear sky
537,Maradi,NE,13.5,7.1,79.59,67,100,8.39,overcast clouds
538,Camacha,PT,33.08,-16.33,73.4,78,40,14.99,scattered clouds
539,Coahuayana,MX,18.73,-103.68,71.6,83,90,5.08,moderate rain
540,Dzerzhinskoye,RU,56.83,95.23,51.08,95,89,4.38,overcast clouds
541,Vila Velha,BR,-20.33,-40.29,78.01,78,40,6.93,scattered clouds
542,Roma,US,43.21,-75.46,72.0,64,20,6.93,few clouds
543,Arkhangelsk,RU,64.54,40.54,46.4,93,20,4.47,few clouds
544,Nabire,ID,-3.37,135.48,75.85,89,100,4.63,moderate rain
545,Port-Cartier,CA,50.03,-66.87,62.01,51,75,14.99,broken clouds
546,Kruisfontein,ZA,-34.0,24.73,50.88,77,0,5.93,clear sky
547,Cameta,BR,-2.24,-49.5,80.64,83,100,6.22,overcast clouds
548,Surt,LY,31.21,16.59,79.2,74,0,12.55,clear sky
549,Songjianghe,CN,42.19,127.48,62.15,97,100,4.34,overcast clouds
550,Labuhan,ID,-6.88,112.21,75.96,84,15,8.25,few clouds
551,Leshukonskoye,RU,64.9,45.76,45.91,85,84,5.7,broken clouds
552,Solano,US,38.23,-121.95,89.6,39,1,16.11,clear sky
553,Abrau-Dyurso,RU,44.69,37.59,71.6,88,40,6.71,scattered clouds
554,Ponte Nova,BR,-20.42,-42.91,71.76,61,8,3.42,clear sky
555,Chisec,GT,15.82,-90.28,93.4,49,92,2.39,overcast clouds
556,Bima,ID,-8.47,118.72,72.61,87,12,4.18,few clouds
557,San Quintin,MX,30.48,-115.95,79.92,60,12,13.15,few clouds
558,Ust-Kuyga,RU,70.02,135.6,42.75,76,48,2.75,scattered clouds
559,Buchanan,LR,5.88,-10.05,77.0,94,75,3.36,broken clouds
560,Antananarivo,MG,-18.91,47.54,55.4,87,20,5.82,few clouds
561,Kautokeino,NO,69.01,23.04,40.3,76,74,5.48,broken clouds
562,Mehran,IR,33.12,46.16,71.6,14,0,4.7,clear sky
563,Kamenka,RU,51.32,42.77,61.11,82,100,7.11,overcast clouds
564,Junction City,US,39.03,-96.83,96.8,34,1,3.36,clear sky
565,Qui Nhon,VN,13.77,109.23,78.78,78,98,5.64,overcast clouds
566,Shirokiy,RU,49.76,129.52,53.1,88,35,6.67,scattered clouds
567,Hazorasp,UZ,41.32,61.07,68.0,45,0,4.7,clear sky
568,Imbituba,BR,-28.24,-48.67,71.6,73,24,8.05,few clouds
569,Fernley,US,39.61,-119.25,91.0,16,14,1.99,few clouds
570,Trincomalee,LK,8.57,81.23,80.01,75,73,15.88,broken clouds
571,Moskovskiy,RU,55.6,37.35,59.0,82,24,6.71,few clouds
572,Benghazi,LY,32.12,20.07,79.3,73,0,10.4,clear sky
573,Gillette,US,44.29,-105.5,73.0,35,1,5.82,clear sky
574,Takoradi,GH,4.88,-1.76,75.09,88,67,9.51,broken clouds
575,Kasongo-Lunda,CD,-6.47,16.82,78.31,66,95,2.42,light rain
576,Oistins,BB,13.07,-59.53,86.0,70,40,18.34,scattered clouds
577,Tonder,DK,54.93,8.87,59.0,93,100,8.05,overcast clouds
578,Singaparna,ID,-7.35,108.11,69.51,89,61,0.81,broken clouds
579,Owando,CG,-0.48,15.9,71.22,94,79,2.01,broken clouds
580,Awjilah,LY,29.11,21.29,80.76,55,0,14.47,clear sky
581,Le Port,RE,-20.94,55.29,69.8,73,40,14.99,scattered clouds
582,Sechura,PE,-5.56,-80.82,74.53,54,13,17.9,few clouds
583,Porbandar,IN,21.64,69.61,81.5,87,100,11.07,overcast clouds
584,Katherine,AU,-14.47,132.27,60.8,67,2,8.05,light rain
585,Pampa,US,35.54,-100.96,105.8,9,1,9.17,clear sky
586,Beloha,MG,-25.17,45.05,74.01,53,9,5.59,clear sky
587,Tooele,US,40.53,-112.3,87.01,33,1,4.7,clear sky
588,Rocha,UY,-34.48,-54.33,60.58,90,91,7.07,overcast clouds
589,Varhaug,NO,58.61,5.65,57.99,89,68,8.55,light rain
590,Tezu,IN,27.92,96.17,76.26,73,99,2.19,overcast clouds
591,Sola,VU,-13.88,167.55,79.83,83,100,18.34,overcast clouds
592,Namatanai,PG,-3.67,152.43,78.06,78,76,5.46,broken clouds
593,Reitz,ZA,-27.8,28.43,61.43,32,32,14.0,scattered clouds
594,Bikaner,IN,28.02,73.3,90.43,49,24,2.19,few clouds
595,Chapada Dos Guimaraes,BR,-15.46,-55.75,104.0,5,0,3.36,clear sky
596,Pangkalanbuun,ID,-2.68,111.62,73.42,97,31,2.42,light rain
597,San Rafael,AR,-34.62,-68.33,68.32,23,17,6.73,few clouds
598,Karratha,AU,-20.74,116.85,76.84,28,21,11.14,few clouds
599,Oktyabrskiy,RU,54.48,53.47,63.45,51,97,4.7,overcast clouds
600,Francavilla Al Mare,IT,42.42,14.29,78.8,78,9,3.36,clear sky
601,Waddan,LY,29.16,16.14,79.93,42,0,13.56,clear sky
602,West Richland,US,46.3,-119.36,88.0,20,1,3.36,clear sky
603,Terney,RU,45.05,136.61,61.59,91,100,12.73,overcast clouds
604,Boa Vista,BR,2.82,-60.67,77.0,88,90,4.7,thunderstorm with light rain
605,Harper,LR,4.38,-7.72,76.42,84,27,9.15,scattered clouds
606,Clarksburg,US,39.28,-80.34,78.8,74,40,4.7,scattered clouds
607,Nouakchott,MR,18.09,-15.98,84.2,83,40,16.11,scattered clouds
608,Lerwick,GB,60.15,-1.15,50.0,87,83,10.29,broken clouds
609,Kwekwe,ZW,-18.93,29.81,67.06,26,0,5.61,clear sky
610,Pakxe,LA,15.12,105.78,72.9,93,54,2.75,broken clouds
611,Angoche,MZ,-16.23,39.91,73.74,85,9,12.19,clear sky
612,Orlik,RU,52.52,99.83,47.57,82,100,2.21,light rain
613,Alugan,PH,12.22,125.48,79.5,85,100,6.89,overcast clouds
614,Bhera,PK,32.48,72.91,83.26,68,0,4.65,clear sky
615,Buraydah,SA,26.33,43.98,93.2,21,0,12.75,clear sky
616,Shingu,JP,33.73,135.98,76.66,87,0,3.83,clear sky
617,Maningrida,AU,-12.07,134.27,62.92,79,94,9.42,overcast clouds
618,Seabra,BR,-12.42,-41.77,82.4,45,11,5.82,few clouds
619,Ishigaki,JP,24.34,124.16,83.3,83,98,10.8,overcast clouds
620,Lohja,FI,60.25,24.07,55.0,75,42,3.0,scattered clouds
621,Rawson,AR,-43.3,-65.1,50.13,45,39,22.35,scattered clouds
622,Hualmay,PE,-11.1,-77.61,66.25,71,14,11.65,few clouds
623,Axim,GH,4.87,-2.24,74.75,89,83,8.23,broken clouds
624,Laguna,US,38.42,-121.42,91.0,39,1,5.82,haze
625,Kalianget,ID,-7.05,113.93,79.7,77,15,9.51,few clouds
626,Yingkou,CN,40.66,122.23,65.21,84,57,10.76,broken clouds
627,Poronaysk,RU,49.22,143.12,53.94,93,100,11.36,overcast clouds
628,Wawa,NG,9.9,4.42,74.34,89,66,5.75,light rain
629,Sinnamary,GF,5.38,-52.95,82.44,77,34,5.99,scattered clouds
630,Kasangulu,CD,-4.59,15.17,77.0,69,40,11.41,scattered clouds
631,Dunmore Town,BS,25.5,-76.65,84.65,67,0,5.08,clear sky
632,Kandete,TZ,-9.15,33.8,59.9,63,0,1.39,clear sky
633,Buin,CL,-33.73,-70.75,55.0,62,75,4.7,broken clouds
634,Porto Velho,BR,-8.76,-63.9,84.2,66,40,4.7,thunderstorm
635,Halifax,CA,44.65,-63.57,73.0,53,20,12.75,few clouds
636,Lyuban,BY,52.8,28.0,53.22,91,62,1.16,broken clouds
637,Veraval,IN,20.9,70.37,80.82,87,100,13.94,heavy intensity rain
638,Areosa,PT,41.72,-8.86,68.0,77,20,14.99,few clouds
639,Baghdad,IQ,33.34,44.4,86.0,25,0,4.7,clear sky
640,Ayagoz,KZ,47.97,80.44,53.85,81,0,7.63,clear sky
641,Vysokogornyy,RU,50.12,139.15,46.4,94,53,2.08,broken clouds
642,Mumford,GH,5.26,-0.76,74.34,91,55,10.11,broken clouds
643,Salalah,OM,17.02,54.09,77.0,94,90,2.24,light intensity drizzle
644,Brookings,US,44.31,-96.8,80.6,57,40,19.46,scattered clouds
645,Kindu,CD,-2.95,25.95,75.81,77,54,2.21,broken clouds
646,Mongo,TD,12.18,18.69,74.53,89,100,1.52,overcast clouds
647,Atherton,GB,53.52,-2.49,54.0,68,99,7.0,overcast clouds
648,Kurayoshi,JP,35.43,133.82,77.0,94,20,5.82,few clouds
649,Saint-Augustin,CA,51.23,-58.65,59.4,56,17,16.11,few clouds
650,Marsabit,KE,2.33,37.99,68.27,55,2,23.0,clear sky
651,Puerto Leguizamo,CO,-0.19,-74.78,87.57,55,70,2.59,broken clouds
652,Schattdorf,CH,46.87,8.65,64.4,88,75,5.82,moderate rain
653,Tommot,RU,58.96,126.29,41.31,75,28,3.02,scattered clouds
654,Vrangel,RU,42.73,133.08,71.82,96,68,2.75,broken clouds
655,Kayes,ML,14.0,-11.0,77.54,87,76,2.86,broken clouds
656,Podgornoye,RU,51.73,39.15,62.6,72,0,6.71,clear sky
657,Puerto Del Rosario,ES,28.5,-13.86,77.0,73,20,17.22,few clouds
658,Vuktyl,RU,63.86,57.31,46.65,91,95,4.79,overcast clouds
659,Maceio,BR,-9.67,-35.74,78.8,74,20,4.7,few clouds
660,Ashcroft,CA,50.72,-121.29,80.6,31,75,3.36,broken clouds
661,Adrar,MR,20.5,-10.07,99.99,15,21,3.09,few clouds
662,Crossville,US,35.95,-85.03,81.0,83,90,10.29,overcast clouds
663,Biu,NG,10.61,12.19,67.68,100,100,5.7,light rain
664,Jiangyan,CN,32.51,120.14,75.0,99,100,3.0,light rain
665,Regidor,CO,8.67,-73.82,90.68,62,9,6.29,clear sky
666,Kloulklubed,PW,7.04,134.26,77.0,94,75,7.61,broken clouds
667,Mobaye,CF,4.32,21.18,71.55,95,100,0.4,moderate rain
668,Yarmouth,US,41.71,-70.23,78.8,61,40,3.36,scattered clouds
669,Yanam,IN,16.73,82.22,77.47,91,100,3.62,overcast clouds
670,Honningsvag,NO,70.98,25.97,44.6,75,82,6.93,broken clouds
671,Yichang,CN,30.71,111.28,75.99,79,0,1.7,light rain
672,Discovery Bay,US,37.91,-121.6,87.8,35,1,4.7,haze
673,Half Moon Bay,US,37.46,-122.43,75.0,82,40,8.05,scattered clouds
674,Norsup,VU,-16.07,167.38,75.2,94,90,2.24,overcast clouds
675,Beira,MZ,-19.84,34.84,75.2,88,75,14.99,broken clouds
676,Ingham,US,42.6,-84.38,82.0,78,40,10.07,scattered clouds
677,Ozernovskiy,RU,51.5,156.52,50.86,89,90,5.17,overcast clouds
678,Pangnirtung,CA,66.15,-65.71,48.2,81,20,9.17,few clouds
679,Grand Gaube,MU,-20.01,57.66,69.01,78,1,4.0,clear sky
680,Seddon,AU,-37.81,144.89,50.0,81,0,12.75,light rain
681,Srikakulam,IN,18.3,83.9,79.63,87,46,6.62,scattered clouds
682,Constantine,DZ,36.37,6.61,87.8,27,20,14.99,few clouds
683,Gold Coast,AU,-28.0,153.43,59.0,62,67,8.05,broken clouds
684,Shakhtinsk,KZ,49.71,72.59,44.6,87,0,4.47,clear sky
685,Cuamba,MZ,-14.8,36.54,72.97,34,3,3.4,clear sky
686,Nizhniy Kuranakh,RU,58.84,125.49,43.83,68,75,3.22,broken clouds
687,Jaguaruna,BR,-28.61,-49.03,65.57,81,0,6.73,clear sky
688,Birao,CF,10.28,22.79,71.47,91,100,4.16,overcast clouds
689,Olafsvik,IS,64.89,-23.71,52.03,86,100,14.54,overcast clouds
690,Asyut,EG,27.18,31.18,86.0,42,0,12.75,clear sky
691,Chiman,PK,32.55,73.81,80.6,83,0,3.0,smoke
692,General Salgado,BR,-20.65,-50.36,83.52,22,0,4.65,clear sky
693,Khao Yoi,TH,13.24,99.82,75.99,79,97,3.36,overcast clouds
694,Lucea,JM,18.45,-78.17,89.6,75,20,20.8,few clouds
695,Nkhata Bay,MW,-11.61,34.29,74.62,62,0,0.85,clear sky
696,Bandarbeyla,SO,9.49,50.81,75.94,79,5,30.33,clear sky
697,Kijang,KR,35.24,129.21,78.8,83,75,2.24,broken clouds
698,Sitka,US,57.05,-135.33,55.4,87,90,12.75,mist
699,Garowe,SO,8.41,48.48,75.97,63,50,25.52,scattered clouds
700,Goderich,CA,43.75,-81.72,77.0,70,89,4.52,overcast clouds
701,Dudinka,RU,69.41,86.18,51.8,81,91,4.47,overcast clouds
